伝票番号,日付,区分,赤伝,コード,会社名,税率,税区分,担当者,コード,会社名,請求予定日,明細番号,明細区分,品番,品名,数量,単価,原単価,今月請求額,付箋1,付箋2,前金,入金種別
1,2020/12/7,2,1,A9099228097,桃香縁（栄）,4,1,26,A9099228097,桃香縁（栄）,2020/12/10,1,1,M003,MSビルダー月額使用料金 01月分,1,10000,0,10000,2,2,前払,コンビニ
2,2020/12/7,2,1,A0542557668,癒苑（静岡市）,4,1,26,A0542557668,癒苑（静岡市）,2020/12/10,1,1,M003,MSビルダー月額使用料金 01月分,1,15000,0,15000,2,2,前払,コンビニ
3,2020/12/7,2,1,A0566931105,蝶 バタフライ（安城）,4,1,26,A0566931105,蝶 バタフライ（安城）,2020/12/10,1,1,M003,MSビルダー月額使用料金 01月分,1,15000,0,15000,2,2,前払,コンビニ
4,2020/12/7,2,1,A9099228097,LOVE姫,4,1,26,A9099228097,LOVE姫,2020/12/10,1,1,M003,MSビルダー月額使用料金 01月分,1,15000,0,15000,2,2,前払,コンビニ
5,2020/12/7,2,1,A7016145274,美仙~ミセン（知多）,4,1,26,A7016145274,美仙~ミセン（知多）,2020/12/10,1,1,M003,MSビルダー月額使用料金 01月分,1,15000,0,15000,2,2,前払,コンビニ
6,2020/12/7,2,1,A0562857867,身楽~みらく（知多）,4,1,26,A0562857867,身楽~みらく（知多）,2020/12/10,1,1,M003,MSビルダー月額使用料金 01月分,1,15000,0,15000,2,2,前払,コンビニ
7,2020/12/7,2,1,A8036121888,エンジェル（蒲郡）,4,1,26,A8036121888,エンジェル（蒲郡）,2020/12/10,1,1,M003,MSビルダー月額使用料金 01月分,1,15000,0,15000,2,2,前払,コンビニ
8,2020/12/7,2,1,A0566457139,未来（安城）,4,1,26,A0566457139,未来（安城）,2020/12/10,1,1,M003,MSビルダー月額使用料金 01月分,1,15000,0,15000,2,2,前払,コンビニ
9,2020/12/7,2,1,A0566913166,心の魅惑(刈谷),4,1,26,A0566913166,心の魅惑(刈谷),2020/12/10,1,1,M003,MSビルダー月額使用料金 01月分,1,15000,0,15000,2,2,前払,コンビニ
10,2020/12/7,2,1,A0564642083,雪縁~せつえん（岡崎）,4,1,26,A0564642083,雪縁~せつえん（岡崎）,2020/12/10,1,1,M003,MSビルダー月額使用料金 01月分,1,15000,0,15000,2,2,前払,コンビニ
11,2020/12/7,2,1,A0569228868,胡蝶蘭（半田市）,4,1,26,A0569228868,胡蝶蘭（半田市）,2020/12/10,1,1,M003,MSビルダー月額使用料金 01月分,1,15000,0,15000,2,2,前払,コンビニ
12,2020/12/7,2,1,A0542531018,癒しの空間 優（静岡市）,4,1,26,A0542531018,癒しの空間 優（静岡市）,2020/12/10,1,1,M003,MSビルダー月額使用料金 01月分,1,15000,0,15000,2,2,前払,コンビニ
13,2020/12/7,2,1,C0562326889,癒しの森(知多),4,1,26,C0562326889,癒しの森(知多),2020/12/10,1,1,M003,MSビルダー月額使用料金 01月分,1,10000,0,10000,2,2,前払,コンビニ
14,2020/12/7,2,1,A0533819260,和心堂（豊川）,4,1,26,A0533819260,和心堂（豊川）,2020/12/10,1,1,M003,MSビルダー月額使用料金 01月分,1,15000,0,15000,2,2,前払,コンビニ
15,2020/12/7,2,1,B0566215122,猫姫（刈谷）,4,1,26,B0566215122,猫姫（刈谷）,2020/12/10,1,1,M003,MSビルダー月額使用料金 01月分,1,15000,0,15000,2,2,前払,コンビニ
16,2020/12/7,2,1,A8036221550,桜（豊橋）,4,1,26,A8036221550,桜（豊橋）,2020/12/10,1,1,M003,MSビルダー月額使用料金 01月分,1,15000,0,15000,2,2,前払,コンビニ
17,2020/12/7,2,1,C8051579039,アワ（刈谷）,4,1,26,C8051579039,アワ（刈谷）,2020/12/10,1,1,M003,MSビルダー月額使用料金 01月分,1,15000,0,15000,2,2,前払,コンビニ
18,2020/12/7,2,1,A0527469869,ピーチランド（栄）,4,1,26,A0527469869,ピーチランド（栄）,2020/12/10,1,1,M003,MSビルダー月額使用料金 01月分,1,15000,0,15000,2,2,前払,コンビニ
19,2020/12/7,2,1,A0527469471,魅惑のユートピア,4,1,26,A0527469471,魅惑のユートピア,2020/12/10,1,1,M003,MSビルダー月額使用料金 01月分,1,15000,0,15000,2,2,前払,コンビニ
20,2020/12/7,2,1,B0566252009,チャーミング（刈谷）,4,1,26,B0566252009,チャーミング（刈谷）,2020/12/10,1,1,M003,MSビルダー月額使用料金 01月分,1,15000,0,15000,2,2,前払,コンビニ
21,2020/12/7,2,1,A0542513499,野崎（やすらぎ様分）,4,1,26,A0542513499,野崎（やすらぎ様分）,2020/12/10,1,1,M003,MSビルダー月額使用料金 01月分,1,15000,0,15000,2,2,前払,コンビニ
22,2020/12/7,2,1,C8036677343,億夢(阿久比),4,1,26,C8036677343,億夢(阿久比),2020/12/10,1,1,M003,MSビルダー月額使用料金 01月分,1,15000,0,15000,2,2,前払,コンビニ
23,2020/12/7,2,1,B9065899918,栄彩 EISAI(安城）,4,1,26,B9065899918,栄彩 EISAI(安城）,2020/12/10,1,1,M003,MSビルダー月額使用料金 01月分,1,15000,0,15000,2,2,前払,コンビニ
24,2020/12/7,2,1,A8069167758,椿 ~つばき(浜松),4,1,26,A8069167758,椿 ~つばき(浜松),2020/12/10,1,1,M003,MSビルダー月額使用料金 01月分,1,15000,0,15000,2,2,前払,コンビニ
25,2020/12/7,2,1,A0534623013,チェリー（浜松）,4,1,26,A0534623013,チェリー（浜松）,2020/12/10,1,1,M003,MSビルダー月額使用料金 01月分,1,15000,0,15000,2,2,前払,コンビニ
26,2020/12/7,2,1,A8051558273,ナイス（磐田）,4,1,26,A8051558273,ナイス（磐田）,2020/12/10,1,1,M003,MSビルダー月額使用料金 01月分,1,15000,0,15000,2,2,前払,コンビニ
27,2020/12/7,2,1,A8036659588,晴(豊田),4,1,26,A8036659588,晴(豊田),2020/12/10,1,1,M003,MSビルダー月額使用料金 01月分,1,10000,0,10000,2,2,前払,コンビニ
28,2020/12/7,2,1,A8036778868,もみもみ館(半田),4,1,26,A8036778868,もみもみ館(半田),2020/12/10,1,1,M003,MSビルダー月額使用料金 01月分,1,15000,0,15000,2,2,前払,コンビニ
29,2020/12/7,2,1,B9060708833,もみっ娘（栄）,4,1,26,B9060708833,もみっ娘（栄）,2020/12/10,1,1,M003,MSビルダー月額使用料金 01月分,1,15000,0,15000,2,2,前払,コンビニ
30,2020/12/7,2,1,B8045206868,素敵(刈谷),4,1,26,B8045206868,素敵(刈谷),2020/12/10,1,1,M003,MSビルダー月額使用料金 01月分,1,15000,0,15000,2,2,前払,コンビニ
31,2020/12/7,2,1,A8053676034,夢の家(岡崎),4,1,26,A8053676034,夢の家(岡崎),2020/12/10,1,1,M003,MSビルダー月額使用料金 01月分,1,10000,0,10000,2,2,前払,コンビニ
32,2020/12/7,2,1,A0532435122,麗(豊橋),4,1,26,A0532435122,麗(豊橋),2020/12/10,1,1,M003,MSビルダー月額使用料金 01月分,1,15000,0,15000,2,2,前払,コンビニ
33,2020/12/7,2,1,C0534379030,椛?もみじ(浜松),4,1,26,C0534379030,椛?もみじ(浜松),2020/12/10,1,1,M003,MSビルダー月額使用料金 01月分,1,15000,0,15000,2,2,前払,コンビニ
34,2020/12/7,2,1,B9084758999,しんしん(大府),4,1,26,B9084758999,しんしん(大府),2020/12/10,1,1,M003,MSビルダー月額使用料金 01月分,1,15000,0,15000,2,2,前払,コンビニ
35,2020/12/7,2,1,A9028332616,ゆり(浜松),4,1,26,A9028332616,ゆり(浜松),2020/12/10,1,1,M003,MSビルダー月額使用料金 01月分,1,15000,0,15000,2,2,前払,コンビニ
36,2020/12/7,2,1,A8045248899,薔薇の香り(豊田),4,1,26,A8045248899,薔薇の香り(豊田),2020/12/10,1,1,M005,Rタイプ使用料 01月分,1,3000,0,3000,2,2,前払,コンビニ
37,2020/12/7,2,1,A8045248899,薔薇の香り(豊田),4,1,26,A8045248899,薔薇の香り(豊田),2020/12/10,1,1,M003,MSビルダー月額使用料金 01月分,1,10000,0,10000,2,2,前払,コンビニ
38,2020/12/7,2,1,A8045270808,小笠原(Luxビューティー様分・安城),4,1,26,A8045270808,小笠原(Luxビューティー様分・安城),2020/12/10,1,1,M003,MSビルダー月額使用料金 01月分,1,15000,0,15000,2,2,前払,コンビニ
39,2020/12/7,2,1,A0561343450,天津?てんしん,4,1,26,A0561343450,天津?てんしん,2020/12/10,1,1,M003,MSビルダー月額使用料金 01月分,1,15000,0,15000,2,2,前払,コンビニ
40,2020/12/7,2,1,A5010948338,美空~みそら(三好),4,1,26,A5010948338,美空~みそら(三好),2020/12/10,1,1,M003,MSビルダー月額使用料金 01月分,1,15000,0,15000,2,2,前払,コンビニ
41,2020/12/7,2,1,A0564342788,秀麗(岡崎),4,1,26,A0564342788,秀麗(岡崎),2020/12/10,1,1,M003,MSビルダー月額使用料金 01月分,1,15000,0,15000,2,2,前払,コンビニ
42,2020/12/7,2,1,A0564543389,薔薇(岡崎),4,1,26,A0564543389,薔薇(岡崎),2020/12/10,1,1,M003,MSビルダー月額使用料金 01月分,1,15000,0,15000,2,2,前払,コンビニ
43,2020/12/7,2,1,A0564770011,ティファニー(岡崎),4,1,26,A0564770011,ティファニー(岡崎),2020/12/10,1,1,M003,MSビルダー月額使用料金 01月分,1,15000,0,15000,2,2,前払,コンビニ
44,2020/12/7,2,1,A7016286888,楽夢寝(安城),4,1,26,A7016286888,楽夢寝(安城),2020/12/10,1,1,M003,MSビルダー月額使用料金 01月分,1,15000,0,15000,2,2,前払,コンビニ
45,2020/12/7,2,1,A9065881777,花芯(浜松),4,1,26,A9065881777,花芯(浜松),2020/12/10,1,1,M003,MSビルダー月額使用料金 01月分,1,15000,0,15000,2,2,前払,コンビニ
46,2020/12/7,2,1,A0566975578,康楽園(安城),4,1,26,A0566975578,康楽園(安城),2020/12/10,1,1,M003,MSビルダー月額使用料金 01月分,1,15000,0,15000,2,2,前払,コンビニ
47,2020/12/7,2,1,A9017873456,だいじょうぶ(知立),4,1,26,A9017873456,だいじょうぶ(知立),2020/12/10,1,1,M003,MSビルダー月額使用料金 01月分,1,15000,0,15000,2,2,前払,コンビニ
48,2020/12/7,2,1,B8097291688,姫(豊田),4,1,26,B8097291688,姫(豊田),2020/12/10,1,1,M003,MSビルダー月額使用料金 01月分,1,15000,0,15000,2,2,前払,コンビニ
49,2020/12/7,2,1,B0564546677,浪漫(豊田),4,1,26,B0564546677,浪漫(豊田),2020/12/10,1,1,M003,MSビルダー月額使用料金 01月分,1,15000,0,15000,2,2,前払,コンビニ
50,2020/12/7,2,1,A8046948889,月の光（幸田）,4,1,26,A8046948889,月の光（幸田）,2020/12/10,1,1,M003,MSビルダー月額使用料金 01月分,1,15000,0,15000,2,2,前払,コンビニ
51,2020/12/7,2,1,B5011583527,香格里拉 シャングリラ（大府）,4,1,26,B5011583527,香格里拉 シャングリラ（大府）,2020/12/10,1,1,M003,MSビルダー月額使用料金 01月分,1,15000,0,15000,2,2,前払,コンビニ
52,2020/12/7,2,1,B9091979897,天悠(大府),4,1,26,B9091979897,天悠(大府),2020/12/10,1,1,M003,MSビルダー月額使用料金 01月分,1,15000,0,15000,2,2,前払,コンビニ
53,2020/12/7,2,1,A0566761188,癒しの夢恋(安城),4,1,26,A0566761188,癒しの夢恋(安城),2020/12/10,1,1,M003,MSビルダー月額使用料金 01月分,1,15000,0,15000,2,2,前払,コンビニ
54,2020/12/7,2,1,A8047365135,Felice(天白),4,1,26,A8047365135,Felice(天白),2020/12/10,1,1,M003,MSビルダー月額使用料金 01月分,1,15000,0,15000,2,2,前払,コンビニ
55,2020/12/7,2,1,A0561328835,雪の舞(みよし市),4,1,26,A0561328835,雪の舞(みよし市),2020/12/10,1,1,M003,MSビルダー月額使用料金 01月分,1,15000,0,15000,2,2,前払,コンビニ
56,2020/12/7,2,1,C8085278891,花恋(安城),4,1,26,C8085278891,花恋(安城),2020/12/10,1,1,M003,MSビルダー月額使用料金 01月分,1,15000,0,15000,2,2,前払,コンビニ
57,2020/12/7,2,1,B0566832439,千喜(知立),4,1,26,B0566832439,千喜(知立),2020/12/10,1,1,M003,MSビルダー月額使用料金 01月分,1,15000,0,15000,2,2,前払,コンビニ
58,2020/12/7,2,1,A7039941185,柚子~ゆず(大府),4,1,26,A7039941185,柚子~ゆず(大府),2020/12/10,1,1,M003,MSビルダー月額使用料金 01月分,1,15000,0,15000,2,2,前払,コンビニ
59,2020/12/7,2,1,C0566911558,神の手(安城),4,1,26,C0566911558,神の手(安城),2020/12/10,1,1,M003,MSビルダー月額使用料金 01月分,1,15000,0,15000,2,2,前払,コンビニ
60,2020/12/7,2,1,A7043475937,ラベンダー(豊橋),4,1,26,A7043475937,ラベンダー(豊橋),2020/12/10,1,1,M003,MSビルダー月額使用料金 01月分,1,15000,0,15000,2,2,前払,コンビニ
61,2020/12/7,2,1,A9026895188,バニラ（浜松）,4,1,26,A9026895188,バニラ（浜松）,2020/12/10,1,1,M003,MSビルダー月額使用料金 01月分,1,15000,0,15000,2,2,前払,コンビニ
62,2020/12/7,2,1,A0526010388,蝴蝶蘭（こちょうらん）（東海市）,4,1,26,A0526010388,蝴蝶蘭（こちょうらん）（東海市）,2020/12/10,1,1,M003,MSビルダー月額使用料金 01月分,1,15000,0,15000,2,2,前払,コンビニ
63,2020/12/7,2,1,A8097285577,温馨縁 おんしんえん(蒲郡),4,1,26,A8097285577,温馨縁 おんしんえん(蒲郡),2020/12/10,1,1,M003,MSビルダー月額使用料金 01月分,1,15000,0,15000,2,2,前払,コンビニ
64,2020/12/7,2,1,A7016809888,香香〜シャンシャン(豊田),4,1,26,A7016809888,香香〜シャンシャン(豊田),2020/12/10,1,1,M003,MSビルダー月額使用料金 01月分,1,10000,0,10000,2,2,前払,コンビニ
65,2020/12/7,2,1,C9064162767,38℃（知立）,4,1,26,C9064162767,38℃（知立）,2020/12/10,1,1,M003,MSビルダー月額使用料金 01月分,1,15000,0,15000,2,2,前払,コンビニ
66,2020/12/7,2,1,A8043568999,喜楽園（静岡市）,4,1,26,A8043568999,喜楽園（静岡市）,2020/12/10,1,1,M003,MSビルダー月額使用料金 01月分,1,15000,0,15000,2,2,前払,コンビニ
67,2020/12/7,2,1,A8051118397,桜 さくら(大府),4,1,26,A8051118397,桜 さくら(大府),2020/12/10,1,1,M003,MSビルダー月額使用料金 01月分,1,15000,0,15000,2,2,前払,コンビニ
68,2020/12/7,2,1,A7016729888,美麗~みれい,4,1,26,A7016729888,美麗~みれい,2020/12/10,1,1,M003,MSビルダー月額使用料金 01月分,1,15000,0,15000,2,2,前払,コンビニ
69,2020/12/7,2,1,A8047781018,ハートフル（豊田）,4,1,26,A8047781018,ハートフル（豊田）,2020/12/10,1,1,M003,MSビルダー月額使用料金 01月分,1,15000,0,15000,2,2,前払,コンビニ
70,2020/12/7,2,1,A9066496188,RUBY ルビー（高浜）,4,1,26,A9066496188,RUBY ルビー（高浜）,2020/12/10,1,1,M003,MSビルダー月額使用料金 01月分,1,15000,0,15000,2,2,前払,コンビニ
71,2020/12/7,2,1,B8043065888,LOVE(西尾),4,1,26,B8043065888,LOVE(西尾),2020/12/10,1,1,M003,MSビルダー月額使用料金 01月分,1,15000,0,15000,2,2,前払,コンビニ
72,2020/12/7,2,1,A0565290028,Refresh リフレッシュ（豊田）,4,1,26,A0565290028,Refresh リフレッシュ（豊田）,2020/12/10,1,1,M003,MSビルダー月額使用料金 01月分,1,15000,0,15000,2,2,前払,コンビニ
73,2020/12/7,2,1,A9065871168,逸(みよし),4,1,26,A9065871168,逸(みよし),2020/12/10,1,1,M003,MSビルダー月額使用料金 01月分,1,15000,0,15000,2,2,前払,コンビニ
74,2020/12/7,2,1,A8036759889,桃姫(浜松),4,1,26,A8036759889,桃姫(浜松),2020/12/10,1,1,M003,MSビルダー月額使用料金 01月分,1,15000,0,15000,2,2,前払,コンビニ
75,2020/12/7,2,1,A8045306699,薔薇(知多郡),4,1,26,A8045306699,薔薇(知多郡),2020/12/10,1,1,M003,MSビルダー月額使用料金 01月分,1,15000,0,15000,2,2,前払,コンビニ
76,2020/12/7,2,1,A0526807328,桜桃 さくらんぼ(東郷町),4,1,26,A0526807328,桜桃 さくらんぼ(東郷町),2020/12/10,1,1,M003,MSビルダー月額使用料金 01月分,1,15000,0,15000,2,2,前払,コンビニ
77,2020/12/7,2,1,C8045326699,悠~ゆう(豊田),4,1,26,C8045326699,悠~ゆう(豊田),2020/12/10,1,1,M003,MSビルダー月額使用料金 01月分,1,15000,0,15000,2,2,前払,コンビニ
78,2020/12/7,2,1,A0566710010,アンソン（安城）,4,1,26,A0566710010,アンソン（安城）,2020/12/10,1,1,M003,MSビルダー月額使用料金 01月分,1,15000,0,15000,2,2,前払,コンビニ
79,2020/12/7,2,1,A9044405449,君に夢中（豊橋）,4,1,26,A9044405449,君に夢中（豊橋）,2020/12/10,1,1,M003,MSビルダー月額使用料金 01月分,1,15000,0,15000,2,2,前払,コンビニ
80,2020/12/7,2,1,A0566874343,Beauty（安城）,4,1,26,A0566874343,Beauty（安城）,2020/12/10,1,1,M003,MSビルダー月額使用料金 01月分,1,15000,0,15000,2,2,前払,コンビニ
81,2020/12/7,2,1,A8048451777,夜色(豊田),4,1,26,A8048451777,夜色(豊田),2020/12/10,1,1,M003,MSビルダー月額使用料金 01月分,1,15000,0,15000,2,2,前払,コンビニ
82,2020/12/7,2,1,A0566931610,エリム（刈谷）,4,1,26,A0566931610,エリム（刈谷）,2020/12/10,1,1,M003,MSビルダー月額使用料金 01月分,1,15000,0,15000,2,2,前払,コンビニ
83,2020/12/7,2,1,B0569898098,彩虹?にじ(半田),4,1,26,B0569898098,彩虹?にじ(半田),2020/12/10,1,1,M003,MSビルダー月額使用料金 01月分,1,15000,0,15000,2,2,前払,コンビニ
84,2020/12/7,2,1,A5068634106,美咲（蒲郡）,4,1,26,A5068634106,美咲（蒲郡）,2020/12/10,1,1,M003,MSビルダー月額使用料金 01月分,1,15000,0,15000,2,2,前払,コンビニ
85,2020/12/7,2,1,A0535704008,水仙花(浜松),4,1,26,A0535704008,水仙花(浜松),2020/12/10,1,1,M003,MSビルダー月額使用料金 01月分,1,15000,0,15000,2,2,前払,コンビニ
86,2020/12/7,2,1,A0533792882,上海館(蒲郡),4,1,26,A0533792882,上海館(蒲郡),2020/12/10,1,1,M003,MSビルダー月額使用料金 01月分,1,15000,0,15000,2,2,前払,コンビニ
87,2020/12/7,2,1,B8069827878,愛(豊橋),4,1,26,B8069827878,愛(豊橋),2020/12/10,1,1,M003,MSビルダー月額使用料金 01月分,1,15000,0,15000,2,2,前払,コンビニ
88,2020/12/7,2,1,A0566974544,天使(安城),4,1,26,A0566974544,天使(安城),2020/12/10,1,1,M003,MSビルダー月額使用料金 01月分,1,15000,0,15000,2,2,前払,コンビニ
89,2020/12/7,2,1,A9065813699,Happiness ハピネス(知立),4,1,26,A9065813699,Happiness ハピネス(知立),2020/12/10,1,1,M003,MSビルダー月額使用料金 01月分,1,15000,0,15000,2,2,前払,コンビニ
90,2020/12/7,2,1,A9068060777,白鳥養生館,4,1,26,A9068060777,白鳥養生館,2020/12/10,1,1,M003,MSビルダー月額使用料金 01月分,1,15000,0,15000,2,2,前払,コンビニ
91,2020/12/7,2,1,JYU0529325092,愛の焔（豊田）,4,1,26,JYU0529325092,愛の焔（豊田）,2020/12/10,1,1,M003,MSビルダー月額使用料金 01月分,1,15000,0,15000,2,2,前払,コンビニ
92,2020/12/7,2,1,A8042219111,Honey(浜松),4,1,26,A8042219111,Honey(浜松),2020/12/10,1,1,M003,MSビルダー月額使用料金 01月分,1,15000,0,15000,2,2,前払,コンビニ
93,2020/12/7,2,1,B9091736668,桃源香(豊田),4,1,26,B9091736668,桃源香(豊田),2020/12/10,1,1,M003,MSビルダー月額使用料金 01月分,1,15000,0,15000,2,2,前払,コンビニ
94,2020/12/7,2,1,A8045481080,バナナ(豊橋),4,1,26,A8045481080,バナナ(豊橋),2020/12/10,1,1,M003,MSビルダー月額使用料金 01月分,1,15000,0,15000,2,2,前払,コンビニ
95,2020/12/7,2,1,A869027666,Rain(豊明),4,1,26,A869027666,Rain(豊明),2020/12/10,1,1,M003,MSビルダー月額使用料金 01月分,1,15000,0,15000,2,2,前払,コンビニ
96,2020/12/7,2,1,A9063538284,優(岡崎),4,1,26,A9063538284,優(岡崎),2020/12/10,1,1,M003,MSビルダー月額使用料金 01月分,1,15000,0,15000,2,2,前払,コンビニ
97,2020/12/7,2,1,C0569435655,藍天?あおぞら(知多),4,1,26,C0569435655,藍天?あおぞら(知多),2020/12/10,1,1,M003,MSビルダー月額使用料金 01月分,1,15000,0,15000,2,2,前払,コンビニ
98,2020/12/7,2,1,A9018243501,美麗?みれい(浜松),4,1,26,A9018243501,美麗?みれい(浜松),2020/12/10,1,1,M003,MSビルダー月額使用料金 01月分,1,15000,0,15000,2,2,前払,コンビニ
99,2020/12/7,2,1,B9099183868,恋人(岡崎),4,1,26,B9099183868,恋人(岡崎),2020/12/10,1,1,M003,MSビルダー月額使用料金 01月分,1,15000,0,15000,2,2,前払,コンビニ
100,2020/12/7,2,1,A8045480011,月下美人(浜松),4,1,26,A8045480011,月下美人(浜松),2020/12/10,1,1,M003,MSビルダー月額使用料金 01月分,1,15000,0,15000,2,2,前払,コンビニ
101,2020/12/7,2,1,B0565341177,美希(豊田),4,1,26,B0565341177,美希(豊田),2020/12/10,1,1,M003,MSビルダー月額使用料金 01月分,1,15000,0,15000,2,2,前払,コンビニ
102,2020/12/7,2,1,A8088518247,艾莉?エリ(浜松),4,1,26,A8088518247,艾莉?エリ(浜松),2020/12/10,1,1,M003,MSビルダー月額使用料金 01月分,1,15000,0,15000,2,2,前払,コンビニ
103,2020/12/7,2,1,A0562859943,水雲濃(豊明),4,1,26,A0562859943,水雲濃(豊明),2020/12/10,1,1,M003,MSビルダー月額使用料金 01月分,1,15000,0,15000,2,2,前払,コンビニ
104,2020/12/7,2,1,A7016898666,アイリス（豊明）,4,1,26,A7016898666,アイリス（豊明）,2020/12/10,1,1,M003,MSビルダー月額使用料金 01月分,1,15000,0,15000,2,2,前払,コンビニ
105,2020/12/7,2,1,A9058865888,マジック(半田),4,1,26,A9058865888,マジック(半田),2020/12/10,1,1,M003,MSビルダー月額使用料金 01月分,1,15000,0,15000,2,2,前払,コンビニ
106,2020/12/7,2,1,A0564837233,Thank you(岡崎),4,1,26,A0564837233,Thank you(岡崎),2020/12/10,1,1,M003,MSビルダー月額使用料金 01月分,1,15000,0,15000,2,2,前払,コンビニ
107,2020/12/7,2,1,A9081556026,わがまま！（豊橋）,4,1,26,A9081556026,わがまま！（豊橋）,2020/12/10,1,1,M003,MSビルダー月額使用料金 01月分,1,15000,0,15000,2,2,前払,コンビニ
108,2020/12/7,2,1,A9063664316,桃姫(恋の誘惑様分・浜松),4,1,26,A9063664316,桃姫(恋の誘惑様分・浜松),2020/12/10,1,1,M003,MSビルダー月額使用料金 01月分,1,15000,0,15000,2,2,前払,コンビニ
109,2020/12/7,2,1,A0569308255,おもてなし（阿久比）,4,1,26,A0569308255,おもてなし（阿久比）,2020/12/10,1,1,M003,MSビルダー月額使用料金 01月分,1,15000,0,15000,2,2,前払,コンビニ
110,2020/12/7,2,1,B0564641653,あかね(岡崎),4,1,26,B0564641653,あかね(岡崎),2020/12/10,1,1,M003,MSビルダー月額使用料金 01月分,1,15000,0,15000,2,2,前払,コンビニ
111,2020/12/7,2,1,A8069750828,REN蓮（浜松）,4,1,26,A8069750828,REN蓮（浜松）,2020/12/10,1,1,M003,MSビルダー月額使用料金 01月分,1,15000,0,15000,2,2,前払,コンビニ
112,2020/12/7,2,1,A9065983015,Romantic（半田）,4,1,26,A9065983015,Romantic（半田）,2020/12/10,1,1,M003,MSビルダー月額使用料金 01月分,1,15000,0,15000,2,2,前払,コンビニ
113,2020/12/7,2,1,C0564838722,蛍 ほたる(岡崎),4,1,26,C0564838722,蛍 ほたる(岡崎),2020/12/10,1,1,M003,MSビルダー月額使用料金 01月分,1,15000,0,15000,2,2,前払,コンビニ
114,2020/12/7,2,1,A0532228696,kouyou(豊橋),4,1,26,A0532228696,kouyou(豊橋),2020/12/10,1,1,M003,MSビルダー月額使用料金 01月分,1,15000,0,15000,2,2,前払,コンビニ
115,2020/12/7,2,1,A9017463533,木香(岡崎),4,1,26,A9017463533,木香(岡崎),2020/12/10,1,1,M003,MSビルダー月額使用料金 01月分,1,15000,0,15000,2,2,前払,コンビニ
116,2020/12/7,2,1,A0568228112,雅(半田),4,1,26,A0568228112,雅(半田),2020/12/10,1,1,M003,MSビルダー月額使用料金 01月分,1,15000,0,15000,2,2,前払,コンビニ
117,2020/12/7,2,1,A9099039600,幸(焼津),4,1,26,A9099039600,幸(焼津),2020/12/10,1,1,M003,MSビルダー月額使用料金 01月分,1,15000,0,15000,2,2,前払,コンビニ
118,2020/12/7,2,1,A0569438870,竹(知多),4,1,26,A0569438870,竹(知多),2020/12/10,1,1,M003,MSビルダー月額使用料金 01月分,1,15000,0,15000,2,2,前払,コンビニ
119,2020/12/7,2,1, D0562931139,美姫(豊明),4,1,26, D0562931139,美姫(豊明),2020/12/10,1,1,M003,MSビルダー月額使用料金 01月分,1,15000,0,15000,2,2,前払,コンビニ
120,2020/12/7,2,1,A8042129111,LUCKY　ラッキー(刈谷),4,1,26,A8042129111,LUCKY　ラッキー(刈谷),2020/12/10,1,1,M003,MSビルダー月額使用料金 01月分,1,15000,0,15000,2,2,前払,コンビニ
121,2020/12/7,2,1,E0564838553,楽縁(岡崎),4,1,26,E0564838553,楽縁(岡崎),2020/12/10,1,1,M003,MSビルダー月額使用料金 01月分,1,15000,0,15000,2,2,前払,コンビニ
122,2020/12/7,2,1,C9058517685,福康（刈谷）,4,1,26,C9058517685,福康（刈谷）,2020/12/10,1,1,M003,MSビルダー月額使用料金 01月分,1,15000,0,15000,2,2,前払,コンビニ
123,2020/12/7,2,1,A8069189988,さくら(安城),4,1,26,A8069189988,さくら(安城),2020/12/10,1,1,M003,MSビルダー月額使用料金 01月分,1,15000,0,15000,2,2,前払,コンビニ
124,2020/12/7,2,1,C8065501479,いらっしゃいませ！（知立）,4,1,26,C8065501479,いらっしゃいませ！（知立）,2020/12/10,1,1,M003,MSビルダー月額使用料金 01月分,1,15000,0,15000,2,2,前払,コンビニ
125,2020/12/7,2,1,B0564835975,四つ葉のクローバー（幸田）,4,1,26,B0564835975,四つ葉のクローバー（幸田）,2020/12/10,1,1,M003,MSビルダー月額使用料金 01月分,1,15000,0,15000,2,2,前払,コンビニ
126,2020/12/7,2,1,B9091825585,狐女（大府）,4,1,26,B9091825585,狐女（大府）,2020/12/10,1,1,M003,MSビルダー月額使用料金 01月分,1,15000,0,15000,2,2,前払,コンビニ
127,2020/12/7,2,1,A9066865183,ジュエル（掛川）,4,1,26,A9066865183,ジュエル（掛川）,2020/12/10,1,1,M003,MSビルダー月額使用料金 01月分,1,15000,0,15000,2,2,前払,コンビニ
128,2020/12/7,2,1,A8026673515,葵 あおい(豊橋),4,1,26,A8026673515,葵 あおい(豊橋),2020/12/10,1,1,M003,MSビルダー月額使用料金 01月分,1,15000,0,15000,2,2,前払,コンビニ
129,2020/12/7,2,1,B0569234063,春棋 しゅんき（半田）,4,1,26,B0569234063,春棋 しゅんき（半田）,2020/12/10,1,1,M003,MSビルダー月額使用料金 01月分,1,15000,0,15000,2,2,前払,コンビニ
130,2020/12/7,2,1,A0565249393,健楽館(豊田),4,1,26,A0565249393,健楽館(豊田),2020/12/10,1,1,M003,MSビルダー月額使用料金 01月分,1,15000,0,15000,2,2,前払,コンビニ
131,2020/12/7,2,1,A7044106687,桃園(東海市),4,1,26,A7044106687,桃園(東海市),2020/12/10,1,1,M003,MSビルダー月額使用料金 01月分,1,15000,0,15000,2,2,前払,コンビニ
132,2020/12/7,2,1,A0564747292,ひまわり光線整体院（岡崎）,4,1,26,A0564747292,ひまわり光線整体院（岡崎）,2020/12/10,1,1,M003,MSビルダー月額使用料金 01月分,1,15000,0,15000,2,2,前払,コンビニ
133,2020/12/7,2,1,A9038348084,ぜんぜん（豊田）,4,1,26,A9038348084,ぜんぜん（豊田）,2020/12/10,1,1,M003,MSビルダー月額使用料金 01月分,1,15000,0,15000,2,2,前払,コンビニ
134,2020/12/7,2,1,C0565416898,Kiss Me(知立),4,1,26,C0565416898,Kiss Me(知立),2020/12/10,1,1,M003,MSビルダー月額使用料金 01月分,1,15000,0,15000,2,2,前払,コンビニ
135,2020/12/7,2,1,D0562465536,SURPRISE（大府）,4,1,26,D0562465536,SURPRISE（大府）,2020/12/10,1,1,M003,MSビルダー月額使用料金 01月分,1,15000,0,15000,2,2,前払,コンビニ
136,2020/12/7,2,1,A9038384795,ラミー（岡崎）,4,1,26,A9038384795,ラミー（岡崎）,2020/12/10,1,1,M003,MSビルダー月額使用料金 01月分,1,15000,0,15000,2,2,前払,コンビニ
137,2020/12/7,2,1,A0564208228,白い兎（岡崎）,4,1,26,A0564208228,白い兎（岡崎）,2020/12/10,1,1,M003,MSビルダー月額使用料金 01月分,1,15000,0,15000,2,2,前払,コンビニ
138,2020/12/7,2,1,B8042258999,COCO（豊田）,4,1,26,B8042258999,COCO（豊田）,2020/12/10,1,1,M003,MSビルダー月額使用料金 01月分,1,15000,0,15000,2,2,前払,コンビニ
139,2020/12/7,2,1,A8045476969,夜桜〜よざくら(半田),4,1,26,A8045476969,夜桜〜よざくら(半田),2020/12/10,1,1,M003,MSビルダー月額使用料金 01月分,1,15000,0,15000,2,2,前払,コンビニ
140,2020/12/7,2,1,A0562742515,手のひら（東海市）,4,1,26,A0562742515,手のひら（東海市）,2020/12/10,1,1,M003,MSビルダー月額使用料金 01月分,1,15000,0,15000,2,2,前払,コンビニ
141,2020/12/7,2,1,A7022193939,サンキュー~39（浜松）,4,1,26,A7022193939,サンキュー~39（浜松）,2020/12/10,1,1,M003,MSビルダー月額使用料金 01月分,1,15000,0,15000,2,2,前払,コンビニ
142,2020/12/7,2,1,A7016476688,揉みの気,4,1,26,A7016476688,揉みの気,2020/12/10,1,1,M003,MSビルダー月額使用料金 01月分,1,15000,0,15000,2,2,前払,コンビニ
143,2020/12/7,2,1,A9017873666,Sharm~シャルム（東浦町）,4,1,26,A9017873666,Sharm~シャルム（東浦町）,2020/12/10,1,1,M003,MSビルダー月額使用料金 01月分,1,15000,0,15000,2,2,前払,コンビニ
144,2020/12/7,2,1,A7021853852,苺ファンタジー（半田）,4,1,26,A7021853852,苺ファンタジー（半田）,2020/12/10,1,1,M003,MSビルダー月額使用料金 01月分,1,15000,0,15000,2,2,前払,コンビニ
145,2020/12/7,2,1,A8091159905,憩（東海市）,4,1,26,A8091159905,憩（東海市）,2020/12/10,1,1,M003,MSビルダー月額使用料金 01月分,1,15000,0,15000,2,2,前払,コンビニ
146,2020/12/7,2,1,A9060799998,華（豊橋）,4,1,26,A9060799998,華（豊橋）,2020/12/10,1,1,M003,MSビルダー月額使用料金 01月分,1,15000,0,15000,2,2,前払,コンビニ
147,2020/12/7,2,1,A8042258999,かすみ（豊田）,4,1,26,A8042258999,かすみ（豊田）,2020/12/10,1,1,M003,MSビルダー月額使用料金 01月分,1,15000,0,15000,2,2,前払,コンビニ
148,2020/12/7,2,1,C9034574678,Merry（豊田）,4,1,26,C9034574678,Merry（豊田）,2020/12/10,1,1,M003,MSビルダー月額使用料金 01月分,1,15000,0,15000,2,2,前払,コンビニ
149,2020/12/7,2,1,A7022176663,しんしん（刈谷）,4,1,26,A7022176663,しんしん（刈谷）,2020/12/10,1,1,M003,MSビルダー月額使用料金 01月分,1,15000,0,15000,2,2,前払,コンビニ
150,2020/12/7,2,1,A7016455888,ほのお(豊田),4,1,26,A7016455888,ほのお(豊田),2020/12/10,1,1,M003,MSビルダー月額使用料金 01月分,1,15000,0,15000,2,2,前払,コンビニ
151,2020/12/7,2,1,A0565772769,princess（豊田）,4,1,26,A0565772769,princess（豊田）,2020/12/10,1,1,M003,MSビルダー月額使用料金 01月分,1,15000,0,15000,2,2,前払,コンビニ
152,2020/12/7,2,1,A0566913259,王の宮殿（刈谷市）,4,1,26,A0566913259,王の宮殿（刈谷市）,2020/12/10,1,1,M003,MSビルダー月額使用料金 01月分,1,15000,0,15000,2,2,前払,コンビニ
153,2020/12/7,2,1,B8051167878,もみほぐし処元気堂 安城店(佳欣様分),4,1,26,B8051167878,もみほぐし処元気堂 安城店(佳欣様分),2020/12/10,1,1,M003,MSビルダー月額使用料金 01月分,1,15000,0,15000,2,2,前払,コンビニ
154,2020/12/7,2,1,A8042119699,Ilmare?イルマーレ（半田）,4,1,26,A8042119699,Ilmare?イルマーレ（半田）,2020/12/10,1,1,M003,MSビルダー月額使用料金 01月分,1,15000,0,15000,2,2,前払,コンビニ
155,2020/12/7,2,1,A8058586700,Enjoy Summer!（刈谷）,4,1,26,A8058586700,Enjoy Summer!（刈谷）,2020/12/10,1,1,M003,MSビルダー月額使用料金 01月分,1,15000,0,15000,2,2,前払,コンビニ
156,2020/12/7,2,1,A9012850195,ファムーラン(豊田),4,1,26,A9012850195,ファムーラン(豊田),2020/12/10,1,1,M003,MSビルダー月額使用料金 01月分,1,15000,0,15000,2,2,前払,コンビニ
157,2020/12/7,2,1,A9054552774,山田直生（らいら様分),4,1,26,A9054552774,山田直生（らいら様分),2020/12/10,1,1,M003,MSビルダー月額使用料金 01月分,1,15000,0,15000,2,2,前払,コンビニ
158,2020/12/7,2,1,A9018206669,Mint(半田),4,1,26,A9018206669,Mint(半田),2020/12/10,1,1,M003,MSビルダー月額使用料金 01月分,1,15000,0,15000,2,2,前払,コンビニ
159,2020/12/7,2,1,A8015827888,逢縁（岡崎）,4,1,26,A8015827888,逢縁（岡崎）,2020/12/10,1,1,M003,MSビルダー月額使用料金 01月分,1,15000,0,15000,2,2,前払,コンビニ
160,2020/12/7,2,1,C9091269317,パール（東海市）,4,1,26,C9091269317,パール（東海市）,2020/12/10,1,1,M003,MSビルダー月額使用料金 01月分,1,15000,0,15000,2,2,前払,コンビニ
161,2020/12/7,2,1,A8051026868,ひぃらぁ（岡崎）,4,1,26,A8051026868,ひぃらぁ（岡崎）,2020/12/10,1,1,M003,MSビルダー月額使用料金 01月分,1,15000,0,15000,2,2,前払,コンビニ
162,2020/12/7,2,1,A8036159178,良縁（東海市）,4,1,26,A8036159178,良縁（東海市）,2020/12/10,1,1,M003,MSビルダー月額使用料金 01月分,1,15000,0,15000,2,2,前払,コンビニ
163,2020/12/7,2,1,JYU0529325094,癒しのAngel,4,1,26,JYU0529325094,癒しのAngel,2020/12/10,1,1,M003,MSビルダー月額使用料金 01月分,1,15000,0,15000,2,2,前払,コンビニ
164,2020/12/7,2,1,A0566457610,ハワイ(刈谷),4,1,26,A0566457610,ハワイ(刈谷),2020/12/10,1,1,M003,MSビルダー月額使用料金 01月分,1,15000,0,15000,2,2,前払,コンビニ
165,2020/12/7,2,1,B0564551060,Free space（岡崎）,4,1,26,B0564551060,Free space（岡崎）,2020/12/10,1,1,M003,MSビルダー月額使用料金 01月分,1,15000,0,15000,2,2,前払,コンビニ
166,2020/12/7,2,1,A0565351135,ボディエステRURU,4,1,26,A0565351135,ボディエステRURU,2020/12/10,1,1,M003,MSビルダー月額使用料金 01月分,1,15000,0,15000,2,2,前払,コンビニ
167,2020/12/7,2,1,A8045471558,天女てんにょ(知多),4,1,26,A8045471558,天女てんにょ(知多),2020/12/10,1,1,M003,MSビルダー月額使用料金 01月分,1,15000,0,15000,2,2,前払,コンビニ
168,2020/12/7,2,1,A8068267898,愛姫(半田),4,1,26,A8068267898,愛姫(半田),2020/12/10,1,1,M003,MSビルダー月額使用料金 01月分,1,15000,0,15000,2,2,前払,コンビニ
169,2020/12/7,2,1,A9012705255,ビューティーGirl,4,1,26,A9012705255,ビューティーGirl,2020/12/10,1,1,M003,MSビルダー月額使用料金 01月分,1,15000,0,15000,2,2,前払,コンビニ
170,2020/12/7,2,1,B9099481337,Candy~キャンディ,4,1,26,B9099481337,Candy~キャンディ,2020/12/10,1,1,M003,MSビルダー月額使用料金 01月分,1,15000,0,15000,2,2,前払,コンビニ
171,2020/12/7,2,1,JYU0529325095,ホワイトリボン(岡崎),4,1,26,JYU0529325095,ホワイトリボン(岡崎),2020/12/10,1,1,M003,MSビルダー月額使用料金 01月分,1,15000,0,15000,2,2,前払,コンビニ
172,2020/12/7,2,1,A9027005188,sweet moon~スウィートムーン（,4,1,26,A9027005188,sweet moon~スウィートムーン（,2020/12/10,1,1,M003,MSビルダー月額使用料金 01月分,1,15000,0,15000,2,2,前払,コンビニ
173,2020/12/7,2,1,A7016501177,庵下康一郎(きらきら様分),4,1,26,A7016501177,庵下康一郎(きらきら様分),2020/12/10,1,1,M003,MSビルダー月額使用料金 01月分,1,15000,0,15000,2,2,前払,コンビニ
174,2020/12/7,2,1,A8051571777,茉莉花(半田),4,1,26,A8051571777,茉莉花(半田),2020/12/10,1,1,M003,MSビルダー月額使用料金 01月分,1,15000,0,15000,2,2,前払,コンビニ
175,2020/12/7,2,1,A8037017154,Sweet Baby(岡崎),4,1,26,A8037017154,Sweet Baby(岡崎),2020/12/10,1,1,M003,MSビルダー月額使用料金 01月分,1,15000,0,15000,2,2,前払,コンビニ
176,2020/12/7,2,1,A9012931168,香愛(豊田),4,1,26,A9012931168,香愛(豊田),2020/12/10,1,1,M003,MSビルダー月額使用料金 01月分,1,15000,0,15000,2,2,前払,コンビニ
177,2020/12/7,2,1,A8095250667,Bunny〜バニー(刈谷),4,1,26,A8095250667,Bunny〜バニー(刈谷),2020/12/10,1,1,M003,MSビルダー月額使用料金 01月分,1,15000,0,15000,2,2,前払,コンビニ
178,2020/12/7,2,1,A9065828660,トウケイホウ(癒し空間様分),4,1,26,A9065828660,トウケイホウ(癒し空間様分),2020/12/10,1,1,M003,MSビルダー月額使用料金 01月分,1,15000,0,15000,2,2,前払,コンビニ
179,2020/12/7,2,1,A8094821092,夢の華(岡崎),4,1,26,A8094821092,夢の華(岡崎),2020/12/10,1,1,M003,MSビルダー月額使用料金 01月分,1,15000,0,15000,2,2,前払,コンビニ
180,2020/12/7,2,1,C9085442636,すみれ(岡崎),4,1,26,C9085442636,すみれ(岡崎),2020/12/10,1,1,M003,MSビルダー月額使用料金 01月分,1,15000,0,15000,2,2,前払,コンビニ
181,2020/12/7,2,1,A7015141386,白樺林(豊田),4,1,26,A7015141386,白樺林(豊田),2020/12/10,1,1,M003,MSビルダー月額使用料金 01月分,1,15000,0,15000,2,2,前払,コンビニ
182,2020/12/7,2,1,A9029222777,晴れ(みよし),4,1,26,A9029222777,晴れ(みよし),2020/12/10,1,1,M003,MSビルダー月額使用料金 01月分,1,15000,0,15000,2,2,前払,コンビニ
183,2020/12/7,2,1,B7016275527,スマイル(豊田),4,1,26,B7016275527,スマイル(豊田),2020/12/10,1,1,M003,MSビルダー月額使用料金 01月分,1,15000,0,15000,2,2,前払,コンビニ
184,2020/12/7,2,1,C8038920914,木火屋(浜松),4,1,26,C8038920914,木火屋(浜松),2020/12/10,1,1,M003,MSビルダー月額使用料金 01月分,1,15000,0,15000,2,2,前払,コンビニ
185,2020/12/7,2,1,A8052987933,花の恋（豊田）,4,1,26,A8052987933,花の恋（豊田）,2020/12/10,1,1,M003,MSビルダー月額使用料金 01月分,1,15000,0,15000,2,2,前払,コンビニ
186,2020/12/7,2,1,A9066142777,癒泉(碧南),4,1,26,A9066142777,癒泉(碧南),2020/12/10,1,1,M003,MSビルダー月額使用料金 01月分,1,15000,0,15000,2,2,前払,コンビニ
187,2020/12/7,2,1,A0566258186,金曜から夜ふかし(刈谷),4,1,26,A0566258186,金曜から夜ふかし(刈谷),2020/12/10,1,1,M003,MSビルダー月額使用料金 01月分,1,15000,0,15000,2,2,前払,コンビニ
188,2020/12/7,2,1,A9065761688,麦島忠好様（マーガレット様分）,4,1,26,A9065761688,麦島忠好様（マーガレット様分）,2020/12/10,1,1,M003,MSビルダー月額使用料金 01月分,1,15000,0,15000,2,2,前払,コンビニ
189,2020/12/7,2,1,A5013093426,168?いろは（安城）,4,1,26,A5013093426,168?いろは（安城）,2020/12/10,1,1,M003,MSビルダー月額使用料金 01月分,1,15000,0,15000,2,2,前払,コンビニ
190,2020/12/7,2,1,A0566952696,美人(安城),4,1,26,A0566952696,美人(安城),2020/12/10,1,1,M003,MSビルダー月額使用料金 01月分,1,15000,0,15000,2,2,前払,コンビニ
191,2020/12/7,2,1,A8052997984,愛家(知立),4,1,26,A8052997984,愛家(知立),2020/12/10,1,1,M003,MSビルダー月額使用料金 01月分,1,15000,0,15000,2,2,前払,コンビニ
192,2020/12/7,2,1,B0565806900,ミーラン(豊田),4,1,26,B0565806900,ミーラン(豊田),2020/12/10,1,1,M003,MSビルダー月額使用料金 01月分,1,15000,0,15000,2,2,前払,コンビニ
193,2020/12/7,2,1,A9081876746,Love You(岡崎),4,1,26,A9081876746,Love You(岡崎),2020/12/10,1,1,M003,MSビルダー月額使用料金 01月分,1,15000,0,15000,2,2,前払,コンビニ
194,2020/12/7,2,1,C9099481337,癒し処NAGOMI（大府）,4,1,26,C9099481337,癒し処NAGOMI（大府）,2020/12/10,1,1,M003,MSビルダー月額使用料金 01月分,1,15000,0,15000,2,2,前払,コンビニ
195,2020/12/7,2,1,C9066496188,BELIAS ベリアス（安城）,4,1,26,C9066496188,BELIAS ベリアス（安城）,2020/12/10,1,1,M003,MSビルダー月額使用料金 01月分,1,15000,0,15000,2,2,前払,コンビニ
196,2020/12/7,2,1,A9012836749,栗木基成　Swan〜スワン(日進),4,1,26,A9012836749,栗木基成　Swan〜スワン(日進),2020/12/10,1,1,M003,MSビルダー月額使用料金 01月分,1,15000,0,15000,2,2,前払,コンビニ
197,2020/12/7,2,1,B9081398047,レモネード(半田),4,1,26,B9081398047,レモネード(半田),2020/12/10,1,1,M003,MSビルダー月額使用料金 01月分,1,15000,0,15000,2,2,前払,コンビニ
198,2020/12/7,2,1,C0528781220,美楽(日進),4,1,26,C0528781220,美楽(日進),2020/12/10,1,1,M003,MSビルダー月額使用料金 01月分,1,15000,0,15000,2,2,前払,コンビニ
199,2020/12/7,2,1,A8048358121,原田智弘様（白い天使分）,4,1,26,A8048358121,原田智弘様（白い天使分）,2020/12/10,1,1,M003,MSビルダー月額使用料金 01月分,1,15000,0,15000,2,2,前払,コンビニ
200,2020/12/7,2,1,A9085442636,ほたる（安城）,4,1,26,A9085442636,ほたる（安城）,2020/12/10,1,1,M003,MSビルダー月額使用料金 01月分,1,15000,0,15000,2,2,前払,コンビニ
201,2020/12/7,2,1,A0564246577,しあわせハウス（岡崎）,4,1,26,A0564246577,しあわせハウス（岡崎）,2020/12/10,1,1,M003,MSビルダー月額使用料金 01月分,1,15000,0,15000,2,2,前払,コンビニ
202,2020/12/7,2,1,B9039313712,百合(半田),4,1,26,B9039313712,百合(半田),2020/12/10,1,1,M003,MSビルダー月額使用料金 01月分,1,15000,0,15000,2,2,前払,コンビニ
203,2020/12/7,2,1,A8087321035,sweet(豊橋),4,1,26,A8087321035,sweet(豊橋),2020/12/10,1,1,M003,MSビルダー月額使用料金 01月分,1,15000,0,15000,2,2,前払,コンビニ
204,2020/12/7,2,1,B0564555584,チャームポイント（岡崎）,4,1,26,B0564555584,チャームポイント（岡崎）,2020/12/10,1,1,M003,MSビルダー月額使用料金 01月分,1,15000,0,15000,2,2,前払,コンビニ
205,2020/12/7,2,1,A9055637788,恋空(半田),4,1,26,A9055637788,恋空(半田),2020/12/10,1,1,M003,MSビルダー月額使用料金 01月分,1,15000,0,15000,2,2,前払,コンビニ
206,2020/12/7,2,1,A07031493204,Ti Amo(岡崎),4,1,26,A07031493204,Ti Amo(岡崎),2020/12/10,1,1,M003,MSビルダー月額使用料金 01月分,1,15000,0,15000,2,2,前払,コンビニ
207,2020/12/7,2,1,A5068738034,Good Luck（知多市）,4,1,26,A5068738034,Good Luck（知多市）,2020/12/10,1,1,M003,MSビルダー月額使用料金 01月分,1,15000,0,15000,2,2,前払,コンビニ
208,2020/12/7,2,1,A8069081864,姚園(浜松),4,1,26,A8069081864,姚園(浜松),2020/12/10,1,1,M003,MSビルダー月額使用料金 01月分,1,15000,0,15000,2,2,前払,コンビニ
209,2020/12/7,2,1,A9027227521,狐の誘惑,4,1,26,A9027227521,狐の誘惑,2020/12/10,1,1,M003,MSビルダー月額使用料金 01月分,1,15000,0,15000,2,2,前払,コンビニ
210,2020/12/7,2,1,C0569898837,FIRST LOVE（半田市）,4,1,26,C0569898837,FIRST LOVE（半田市）,2020/12/10,1,1,M003,MSビルダー月額使用料金 01月分,1,15000,0,15000,2,2,前払,コンビニ
211,2020/12/7,2,1,A9016276880,BEST DAY（みよし市）,4,1,26,A9016276880,BEST DAY（みよし市）,2020/12/10,1,1,M003,MSビルダー月額使用料金 01月分,1,15000,0,15000,2,2,前払,コンビニ
212,2020/12/7,2,1,A9017563555,紅蓮（安城）,4,1,26,A9017563555,紅蓮（安城）,2020/12/10,1,1,M003,MSビルダー月額使用料金 01月分,1,15000,0,15000,2,2,前払,コンビニ
213,2020/12/7,2,1,A9079182727,久保清誉様（煌?きらめき様分）,4,1,26,A9079182727,久保清誉様（煌?きらめき様分）,2020/12/10,1,1,M003,MSビルダー月額使用料金 01月分,1,15000,0,15000,2,2,前払,コンビニ
214,2020/12/7,2,1,A9035676296,縁(半田),4,1,26,A9035676296,縁(半田),2020/12/10,1,1,M003,MSビルダー月額使用料金 01月分,1,15000,0,15000,2,2,前払,コンビニ
215,2020/12/7,2,1,A8069407564,Sugar〜シュガー（豊田）,4,1,26,A8069407564,Sugar〜シュガー（豊田）,2020/12/10,1,1,M003,MSビルダー月額使用料金 01月分,1,15000,0,15000,2,2,前払,コンビニ
216,2020/12/7,2,1,A8045478962,子猫のお部屋(豊田),4,1,26,A8045478962,子猫のお部屋(豊田),2020/12/10,1,1,M003,MSビルダー月額使用料金 01月分,1,15000,0,15000,2,2,前払,コンビニ
217,2020/12/7,2,1,A8015852072,こころ（豊田）,4,1,26,A8015852072,こころ（豊田）,2020/12/10,1,1,M003,MSビルダー月額使用料金 01月分,1,15000,0,15000,2,2,前払,コンビニ
218,2020/12/7,2,1,B8051571777,少女夢（半田）,4,1,26,B8051571777,少女夢（半田）,2020/12/10,1,1,M003,MSビルダー月額使用料金 01月分,1,15000,0,15000,2,2,前払,コンビニ
219,2020/12/7,2,1,A8097274891,こねこ（大府）,4,1,26,A8097274891,こねこ（大府）,2020/12/10,1,1,M003,MSビルダー月額使用料金 01月分,1,15000,0,15000,2,2,前払,コンビニ
220,2020/12/7,2,1,A8097299888,あい(豊田),4,1,26,A8097299888,あい(豊田),2020/12/10,1,1,M003,MSビルダー月額使用料金 01月分,1,15000,0,15000,2,2,前払,コンビニ
221,2020/12/7,2,1,A9065857920,うさぎ（知多郡美浜町）,4,1,26,A9065857920,うさぎ（知多郡美浜町）,2020/12/10,1,1,M003,MSビルダー月額使用料金 01月分,1,15000,0,15000,2,2,前払,コンビニ
222,2020/12/7,2,1,B9012836749,ジュリア（刈谷）,4,1,26,B9012836749,ジュリア（刈谷）,2020/12/10,1,1,M003,MSビルダー月額使用料金 01月分,1,15000,0,15000,2,2,前払,コンビニ
223,2020/12/7,2,1,A9081301888,Love House（半田）,4,1,26,A9081301888,Love House（半田）,2020/12/10,1,1,M003,MSビルダー月額使用料金 01月分,1,15000,0,15000,2,2,前払,コンビニ
224,2020/12/7,2,1,A7023480913,華(岡崎),4,1,26,A7023480913,華(岡崎),2020/12/10,1,1,M003,MSビルダー月額使用料金 01月分,1,15000,0,15000,2,2,前払,コンビニ
225,2020/12/7,2,1,B7023480913,琥珀(岡崎),4,1,26,B7023480913,琥珀(岡崎),2020/12/10,1,1,M003,MSビルダー月額使用料金 01月分,1,15000,0,15000,2,2,前払,コンビニ
226,2020/12/7,2,1,A0562385590,星星(知多),4,1,26,A0562385590,星星(知多),2020/12/10,1,1,M003,MSビルダー月額使用料金 01月分,1,15000,0,15000,2,2,前払,コンビニ
227,2020/12/7,2,1,A0569262431,蓮(半田),4,1,26,A0569262431,蓮(半田),2020/12/10,1,1,M003,MSビルダー月額使用料金 01月分,1,10000,0,10000,2,2,前払,コンビニ
228,2020/12/7,2,1,B9034574678,恋花(岡崎),4,1,26,B9034574678,恋花(岡崎),2020/12/10,1,1,M003,MSビルダー月額使用料金 01月分,1,15000,0,15000,2,2,前払,コンビニ
229,2020/12/7,2,1,A8084789147,水中花（豊田）,4,1,26,A8084789147,水中花（豊田）,2020/12/10,1,1,M003,MSビルダー月額使用料金 01月分,1,15000,0,15000,2,2,前払,コンビニ
230,2020/12/7,2,1,A9039331299,SweetLover(知立),4,1,26,A9039331299,SweetLover(知立),2020/12/10,1,1,M003,MSビルダー月額使用料金 01月分,1,15000,0,15000,2,2,前払,コンビニ
231,2020/12/7,2,1,B5012075103,ミラージュ（豊田）,4,1,26,B5012075103,ミラージュ（豊田）,2020/12/10,1,1,M003,MSビルダー月額使用料金 01月分,1,15000,0,15000,2,2,前払,コンビニ
232,2020/12/7,2,1,B9078572163,美美(安城),4,1,26,B9078572163,美美(安城),2020/12/10,1,1,M003,MSビルダー月額使用料金 01月分,1,15000,0,15000,2,2,前払,コンビニ
233,2020/12/7,2,1,C8069451810,マンゴー(西尾),4,1,26,C8069451810,マンゴー(西尾),2020/12/10,1,1,M003,MSビルダー月額使用料金 01月分,1,15000,0,15000,2,2,前払,コンビニ
234,2020/12/7,2,1,D8094830457,花仙子-ファセンズ(豊田),4,1,26,D8094830457,花仙子-ファセンズ(豊田),2020/12/10,1,1,M003,MSビルダー月額使用料金 01月分,1,15000,0,15000,2,2,前払,コンビニ
235,2020/12/7,2,1,A7022313820,金夢閣 きんむかく（岡崎）,4,1,26,A7022313820,金夢閣 きんむかく（岡崎）,2020/12/10,1,1,M003,MSビルダー月額使用料金 01月分,1,15000,0,15000,2,2,前払,コンビニ
236,2020/12/7,2,1,A8073054597,愛LOVE(豊田),4,1,26,A8073054597,愛LOVE(豊田),2020/12/10,1,1,M003,MSビルダー月額使用料金 01月分,1,15000,0,15000,2,2,前払,コンビニ
237,2020/12/7,2,1,A8078159036,いちご（半田）,4,1,26,A8078159036,いちご（半田）,2020/12/10,1,1,M003,MSビルダー月額使用料金 01月分,1,15000,0,15000,2,2,前払,コンビニ
238,2020/12/7,2,1,A7016806677,沙魅(みよし),4,1,26,A7016806677,沙魅(みよし),2020/12/10,1,1,M003,MSビルダー月額使用料金 01月分,1,15000,0,15000,2,2,前払,コンビニ
239,2020/12/7,2,1,A9085413311,FOREVER（岡崎）,4,1,26,A9085413311,FOREVER（岡崎）,2020/12/10,1,1,M003,MSビルダー月額使用料金 01月分,1,15000,0,15000,2,2,前払,コンビニ
240,2020/12/7,2,1,A7022191618,misaki~ミサキ（半田）,4,1,26,A7022191618,misaki~ミサキ（半田）,2020/12/10,1,1,M003,MSビルダー月額使用料金 01月分,1,15000,0,15000,2,2,前払,コンビニ
241,2020/12/7,2,1,A7026750817,愛の花（刈谷）,4,1,26,A7026750817,愛の花（刈谷）,2020/12/10,1,1,M003,MSビルダー月額使用料金 01月分,1,15000,0,15000,2,2,前払,コンビニ
242,2020/12/7,2,1,A7053337409,恋の焔(半田),4,1,26,A7053337409,恋の焔(半田),2020/12/10,1,1,M003,MSビルダー月額使用料金 01月分,1,15000,0,15000,2,2,前払,コンビニ
243,2020/12/7,2,1,A8058167708,La villa ~ラ ヴィラ（大府）,4,1,26,A8058167708,La villa ~ラ ヴィラ（大府）,2020/12/10,1,1,M003,MSビルダー月額使用料金 01月分,1,15000,0,15000,2,2,前払,コンビニ
244,2020/12/7,2,1,A9060826668,HEAL STAGE(安城）,4,1,26,A9060826668,HEAL STAGE(安城）,2020/12/10,1,1,M003,MSビルダー月額使用料金 01月分,1,15000,0,15000,2,2,前払,コンビニ
245,2020/12/7,2,1,A7044389645,娘娘(豊田),4,1,26,A7044389645,娘娘(豊田),2020/12/10,1,1,M003,MSビルダー月額使用料金 01月分,1,15000,0,15000,2,2,前払,コンビニ
246,2020/12/7,2,1,B0569588777,ANGEL FACE~天使の顔（半田）,4,1,26,B0569588777,ANGEL FACE~天使の顔（半田）,2020/12/10,1,1,M003,MSビルダー月額使用料金 01月分,1,15000,0,15000,2,2,前払,コンビニ
247,2020/12/7,2,1,A8026481305,ハルカ(刈谷),4,1,26,A8026481305,ハルカ(刈谷),2020/12/10,1,1,M003,MSビルダー月額使用料金 01月分,1,15000,0,15000,2,2,前払,コンビニ
248,2020/12/7,2,1,A8092913934,いつも(安城),4,1,26,A8092913934,いつも(安城),2020/12/10,1,1,M003,MSビルダー月額使用料金 01月分,1,15000,0,15000,2,2,前払,コンビニ
249,2020/12/7,2,1,A0565392326,悠馨(豊田),4,1,26,A0565392326,悠馨(豊田),2020/12/10,1,1,M003,MSビルダー月額使用料金 01月分,1,15000,0,15000,2,2,前払,コンビニ
250,2020/12/7,2,1,A8042136668,株式会社石田商事,4,1,26,A8042136668,株式会社石田商事,2020/12/10,1,1,M003,MSビルダー月額使用料金 01月分,1,15000,0,15000,2,2,前払,コンビニ
251,2020/12/7,2,1,A9081803323,キラキラ(安城),4,1,26,A9081803323,キラキラ(安城),2020/12/10,1,1,M003,MSビルダー月額使用料金 01月分,1,15000,0,15000,2,2,前払,コンビニ
252,2020/12/7,2,1,A7043223044,honeybaby(刈谷),4,1,26,A7043223044,honeybaby(刈谷),2020/12/10,1,1,M003,MSビルダー月額使用料金 01月分,1,15000,0,15000,2,2,前払,コンビニ
253,2020/12/7,2,1,A8058296888,森の恋(半田),4,1,26,A8058296888,森の恋(半田),2020/12/10,1,1,M003,MSビルダー月額使用料金 01月分,1,15000,0,15000,2,2,前払,コンビニ
254,2020/12/7,2,1,B9029206668,雪月花(岡崎),4,1,26,B9029206668,雪月花(岡崎),2020/12/10,1,1,M003,MSビルダー月額使用料金 01月分,1,15000,0,15000,2,2,前払,コンビニ
